28963	1879
28976	1870
6194	1129
5883	957
29949	2584
31214	3686
28958	1864
28474	1392
32082	4555
28955	1873
30981	3440
30948	3387
32081	4554
6216	1148
28487	1403
30442	2798
30209	2512
31945	4418
32796	5295
30653	3056
30145	2412
32640	5135
31003	3462
29166	2009
31815	4289
30373	2698
29172	1983
30945	3384
30892	3344
28962	1878
30738	3161
6175	1113
31091	3553
30937	3381
33150	5655
30099	2369
30820	3257
28563	1449
28968	1881
30534	2922
29630	2648
30130	2398
6373	1255
6482	1334
4153	491
31654	4136
31687	4168
28688	1630
31054	3516
32095	4570
6211	1145
29446	2174
32014	4485
32569	5064
5917	980
30134	2402
5111	765
32567	5058
31122	3584
6060	1060
6480	1332
4350	555
31876	4350
30089	2359
5181	771
5357	814
31730	4209
31495	3981
6472	1324
32188	4665
3602	293
6341	1233
28699	1641
30276	2653
32620	5114
6479	1331
28705	1647
32737	5233
30370	2694
6401	1277
28957	1875
31340	3819
5203	781
33372	5878
28625	1494
29966	2271
32106	4581
30283	3421
5565	902
30378	2707
6311	1214
31886	4360
28855	1774
30744	3167
6073	1070
28694	1636
28638	1580
29310	2124
28959	1876
28864	1785
32104	4579
30965	4503
32704	5200
31051	3513
31980	4453
31462	3950
32291	4771
6202	1137
33696	6189
30296	2669
4695	658
30149	2424
28817	1740
29220	2033
32518	5006
30465	2829
31254	3727
30196	2490
4588	617
32058	4532
32738	5234
33180	5683
31053	3515
32048	4522
30773	3199
32675	5172
32611	5105
5067	1528
32764	5263
30963	3404
30285	2691
32762	5261
29147	1957
28650	1592
32690	5186
31174	3643
4553	601
28528	1427
32607	5101
31493	3979
28734	1668
32042	4516
29219	2057
33152	5657
31864	4338
29185	1997
32582	5078
31513	3997
31094	3556
5403	844
4514	592
31086	3548
31593	5061
31816	4290
33173	5676
6034	1043
33108	5613
31819	4293
4454	574
31099	3561
29168	1979
28531	1429
4789	682
32888	5384
31313	3787
29155	1970
6286	1196
28489	1404
30041	2316
28507	1415
31114	3576
32628	5122
31124	3586
31079	3541
28729	1664
32029	4499
28668	1610
31068	3530
4084	455
31047	3509
33272	5776
31992	4465
29081	1901
32667	5164
32055	4529
32566	5057
31255	3728
31010	3469
31140	3604
6287	1197
30515	2891
29227	2058
4044	441
31090	3552
29265	2081
30148	2423
32693	5189
31096	3558
28977	1888
32059	4533
31101	3563
6491	1342
30095	2365
29763	2604
29323	2133
31718	4197
6384	1263
5019	731
33199	5702
28466	1388
33636	6134
3985	420
5370	818
31556	4033
6427	1294
29705	2228
33820	6317
31267	3740
30139	2407
33618	6120
31263	3736
6352	1242
2931	5581
30506	2882
6470	1322
32815	5314
3176	177
30511	2887
6526	1367
29215	2028
5906	971
6191	1126
30400	2746
28804	1729
5353	811
30546	2934
32672	5169
33005	5500
33650	6148
30970	3429
31061	3523
33223	5726
6219	1151
33106	5611
30648	3051
33252	5755
5650	925
28673	1615
4409	562
6356	1246
33627	6124
30624	3021
28508	1574
30943	3382
31706	4186
31756	4232
32697	5193
30213	2519
33158	5661
6316	1217
30369	2692
33617	6119
5382	827
32135	4611
6370	1254
4600	624
32587	5081
32094	4569
32396	4882
31983	4456
6280	1191
5026	734
28847	1767
33497	5996
32595	5089
30962	3403
30611	3003
32597	5091
32831	5330
30589	2977
33386	6113
33135	5640
33203	5706
32559	5047
33633	6131
28501	1411
31125	3587
33190	5693
31549	4026
5469	881
6312	1215
32469	4957
32639	5134
30264	2676
33141	5646
29347	2602
32610	5104
33263	5766
31393	3877
33211	5714
29775	2243
31943	4416
31858	4332
33709	6202
31258	3731
29334	2139
30081	2351
31000	3459
31264	3737
32173	4649
30694	3102
31595	4076
32631	5125
30979	3438
31465	3953
31098	3560
32811	5310
29198	2011
29817	2248
28591	1470
31589	4067
33170	5673
6486	1337
28695	1637
5061	744
31113	3575
29806	2595
30494	2870
29376	2148
32802	5301
29942	3614
30991	3450
32557	5045
28895	1812
32689	5185
32589	5083
33216	5719
32397	4883
29984	2281
32175	4651
6435	1302
31221	3693
31517	4001
33708	6201
30549	2937
4163	495
5388	832
32185	4662
33006	5501
3032	5256
29256	2072
28675	1617
28915	1832
30054	2324
29698	3415
33191	5694
30328	4502
31601	4082
32147	4623
32579	5073
31110	3572
31753	4229
32641	5136
33238	5741
30497	2873
31026	3485
32826	5325
5829	945
33213	5716
31077	3539
30650	3053
28643	1585
31557	4034
29954	2900
6476	1328
32171	4647
30376	2704
30954	3393
33202	5705
30969	3428
33625	6122
33107	5612
31745	5049
29839	4657
32903	5401
31755	4231
5938	996
31093	3555
33270	5773
33244	5747
31144	3608
30502	2878
33219	5722
30008	2292
32706	5202
32023	4487
33841	6338
31591	4072
31532	4018
33562	6064
28965	1867
32100	4575
31842	4316
29734	2232
30483	2855
32622	5116
33089	5593
33281	5785
32178	4654
6261	1177
30361	2677
30454	2814
30147	2422
33105	5610
30417	2763
32601	5095
31874	4348
4242	529
30580	2968
6365	1252
30815	3252
32563	5053
33690	6183
5842	946
31540	4021
30105	2374
33839	6336
31734	4211
33860	6358
32810	5309
31119	3581
31764	4240
30258	2658
28950	1861
30526	2914
33159	5662
30058	2328
31123	3585
4811	688
30076	2346
30495	2871
6135	1109
29235	2048
28549	1439
5192	775
29938	2257
31716	4195
30366	2688
31615	4096
4755	674
32026	4493
31762	4238
31791	4266
31744	4221
4416	566
32768	5267
32125	4601
6449	1311
31024	3483
31856	4330
32051	4525
4440	571
32549	5037
5644	923
31083	3545
33249	5752
33014	5509
3926	396
30564	2952
33155	5659
30976	3435
33645	6143
31215	3687
33206	5709
32709	5205
32949	5446
30555	2943
30032	2308
33798	6295
33235	5738
31887	4361
4632	642
33779	6276
6521	1362
31701	4181
33136	5641
32099	4574
32973	5470
30520	2908
32070	4543
32666	5163
28960	1877
33093	5596
32777	5276
31925	4398
5919	982
30444	2802
29992	3419
32974	5471
31984	4457
30603	2995
30066	2336
32176	4652
31865	4339
32172	4648
31169	3638
29985	3154
32730	5226
32659	5154
32043	4517
32583	5079
28836	1758
31052	3514
30588	2976
4233	523
30964	3407
29326	2134
33072	5564
30592	2980
30944	3383
31136	3600
31987	4460
5922	985
5933	993
33641	6139
33413	5918
31087	3549
32975	5472
3489	257
28509	1416
5580	905
6489	1340
33634	6132
32700	5196
31840	4314
32594	5088
32075	4548
31070	3532
4007	428
31849	4323
28576	1457
5969	1010
30171	2465
5905	970
33227	5730
30995	3454
29090	1910
33628	6125
31883	4357
29542	2192
28827	1750
31935	4408
6132	1107
33837	6334
30386	2732
30525	2913
33148	5653
28511	1417
28505	1413
30433	2779
6492	1343
6398	1274
30425	2771
32037	4511
28498	1410
28733	1667
28940	1851
31733	4210
33695	6188
29223	2035
32623	5117
30153	2428
32680	5177
6207	1141
32773	5272
30959	3400
31747	4223
3987	421
31660	4142
31475	3961
30505	2881
29953	2723
31867	4341
28689	1631
30082	2352
30978	3437
33086	5588
32603	5097
30423	2769
33619	6121
31939	4412
6038	1045
29112	1924
32224	4702
33664	6157
33182	5685
30707	3121
28525	1424
30096	2366
32614	5108
29680	2436
28858	1778
31910	4383
32145	4621
32119	4595
33637	6135
5504	890
29134	1943
5640	919
5641	920
33088	5592
28682	1624
6209	1143
33083	5583
33138	5643
32198	4675
4049	442
33117	5622
32440	4928
6084	1075
28857	1777
29501	2599
31633	4114
31111	3573
31594	4075
31411	3896
33476	5991
33256	5759
28631	1499
4235	525
33204	5707
33265	5768
4196	507
4115	468
30517	2893
32671	5168
29727	4491
30412	2758
31108	3570
30350	2666
31059	3521
5301	794
5436	866
32151	4627
31839	4313
4787	681
32052	4526
30720	3134
31850	4324
29195	2006
32599	5093
31691	4172
30612	3004
5998	1027
30142	2409
32654	5149
30706	3120
29399	2158
5384	829
6533	1372
4087	457
4286	549
6383	1262
29251	2067
32057	4531
32329	4811
28686	1628
30152	2427
33137	5642
32030	4504
28666	1608
33277	5781
32766	5265
33183	5686
30191	2485
32990	5569
30059	2329
32120	4596
30025	2301
32035	4509
5097	758
31518	4002
30432	2778
31305	3778
31088	3550
30513	2889
28692	1634
30127	2395
31018	3477
33635	6133
33076	5575
28486	1402
29704	3613
31115	3577
28967	1880
31678	4159
30604	2996
6353	1243
30392	2738
31142	3606
32038	4512
30565	2953
5389	833
31069	3531
5907	972
32754	5251
5099	760
33104	5609
32696	5192
31608	4089
30683	3089
4188	504
30007	2291
5205	782
30080	2350
29445	2173
31252	3725
32443	4931
30163	2458
4640	644
30992	3451
5930	990
30391	2737
33099	5604
6272	1185
31586	4064
31503	3989
33927	6426
32309	4791
33176	5679
33121	5626
32424	4910
4830	697
30201	2504
5498	888
30199	2493
31500	3986
30886	3336
5415	852
5924	987
6290	1198
6377	1258
29969	2421
32784	5283
29243	2056
31605	4086
6416	1286
28740	1677
30940	3374
29937	2256
31872	4346
32636	5130
28529	1428
5962	1566
30092	2362
31273	3746
33915	6414
31792	4267
33685	6178
32025	4492
28635	1565
31582	4059
31770	4246
30414	2760
4292	551
4682	657
4939	704
5440	868
5897	964
5293	791
5888	960
5877	951
29795	2451
28629	1497
31871	4345
31514	3998
6085	1076
32232	4710
30151	2426
32701	5197
29278	2118
30575	2963
28949	1860
32526	5014
30690	3097
31767	4243
31081	3543
31030	3492
31168	3637
32612	5106
28862	1780
30387	2733
30874	3324
31107	3569
4572	611
29202	2015
33124	5629
29233	2046
29152	1963
30158	2445
28747	1682
30088	2358
31310	3784
34256	6632
5963	1006
32553	5041
6448	1310
6490	1341
28753	1688
28854	1775
32184	4661
32341	4824
29222	2039
30772	3198
30845	3293
30947	3386
32083	4558
32616	5110
28934	1845
30967	3426
28522	1422
29236	2049
31565	4042
31736	4213
32605	5099
32651	5146
33850	6347
5642	921
5821	944
30377	2706
30359	2672
6366	1542
28685	1627
28713	1655
28752	1687
30159	2446
30214	2520
29797	2593
30393	2739
30499	2875
30543	2931
30669	3072
31623	4104
34053	6495
34079	6521
31364	3847
28850	1769
31831	4305
33097	5602
32093	4568
33666	6159
31487	3973
6516	1572
29101	1916
29350	2142
30030	2306
33916	6415
4156	492
28472	1390
31143	3607
29208	2021
33123	5628
28711	1653
30508	2884
5017	730
31768	4244
30064	2334
28760	1696
4837	2494
30764	3187
31637	4118
32621	5115
6253	1171
6466	1320
32578	5072
30705	3119
33718	6211
31585	4062
31852	4326
30473	2842
32213	4690
29701	2227
28596	1473
30090	2360
31256	3729
32799	5298
29434	4842
31741	4218
32066	4540
31314	3788
32238	4716
28515	1419
32240	4720
32133	4609
30026	2302
31822	4296
31978	4451
31908	4381
32375	4860
31708	4187
32028	4498
31799	4273
30804	3241
32869	5367
33368	5874
33144	5649
28612	1482
32630	5124
33477	5980
33400	5905
30980	3439
29755	2441
33318	5824
31788	4263
6503	1350
29677	2784
32377	4862
31922	4395
31800	4274
31076	3538
32986	5483
31946	4419
32482	4970
33616	6118
31017	3476
32739	5235
31249	3722
30067	2337
31072	3534
30551	2939
31683	4164
32039	4513
30598	2990
30989	3448
32409	4895
30771	3197
33040	5570
33073	5565
5971	1012
6183	1118
30282	2661
32588	5082
6118	1100
28715	1657
30530	2918
32034	4508
31266	3739
32138	4614
29965	2985
6321	1221
30614	3006
31673	4154
32600	5094
30558	2946
29794	2419
32743	5240
30371	2695
32091	4566
30652	3055
32617	5111
31391	3875
31609	4090
29427	2696
32608	5102
32455	4943
33165	5668
28859	1779
31257	3730
30571	2959
28834	1757
32040	4514
30419	2765
30023	2300
30789	3223
30994	3453
31898	4371
33559	6062
32774	5273
32287	4767
33131	5636
31807	4281
32590	5084
31407	3892
30585	2973
5032	738
28871	1792
5627	916
28835	1764
29244	2059
29356	2713
29430	2715
29478	2185
29572	3075
29791	2852
29803	5059
29837	4556
29960	2267
29993	2443
30005	5237
30040	2315
30150	2425
30164	2459
30231	2674
30255	3420
30291	2662
30295	2665
30407	2753
30424	2770
30436	2786
30455	2815
30459	2819
30512	2888
30514	2890
30516	2892
30556	2944
30563	2951
30665	3068
30692	3100
30821	3258
30872	3320
30882	3332
30932	3424
30941	3377
30942	3379
30955	3395
30977	3436
30984	3443
30997	3456
31001	3460
31008	3467
31013	3472
31040	3502
31041	3503
31043	3505
31060	3522
31074	3536
31075	3537
31078	3540
31089	3551
31092	3554
31109	3571
31118	3580
31120	3582
31126	3589
31135	3599
31161	3630
31203	3674
31204	3675
31223	3695
31339	3818
31390	3874
31425	3911
31440	3927
31479	3965
31512	3996
31533	4051
31538	4020
31599	4080
31607	4088
31618	4099
31625	4106
31626	4107
31627	4108
31629	4110
31632	4113
31639	4120
31643	4125
31644	4126
31646	4128
31663	5062
31672	4153
31689	4170
31705	4185
31711	4190
31722	4201
31723	4202
31724	4203
31727	4206
31749	4225
31750	4226
31766	4242
31772	5133
31783	4258
31786	4261
31789	4264
31793	4268
31802	4276
31803	4277
31826	4300
31829	4303
31832	4306
31834	4308
31835	4309
31838	4312
31843	4317
31846	4320
31859	4333
31863	4337
31878	4352
31880	4354
31888	4362
31899	4372
31900	4373
31918	4391
31924	4397
31930	4403
31932	4405
31934	4407
31942	4415
31948	4421
31958	4431
31989	4462
32005	4477
32031	4505
32036	4510
32044	4518
32045	4519
32060	4534
32072	4545
32074	4547
32077	4550
32085	4560
32086	4561
32096	4571
32097	4572
32109	4584
32113	4588
32115	4591
32128	4604
32134	4610
32142	4618
32148	4624
32154	4630
32156	4632
32157	4633
32160	4636
32164	4640
32167	4643
32182	4659
32183	4660
32186	4663
32202	4679
32230	4708
32274	4754
32277	4757
32290	4770
32303	4783
32310	4792
32343	4826
32385	4871
32391	4877
32393	4879
32407	4893
32408	4894
32423	4909
32425	4911
32428	4914
32430	4916
32435	4921
32436	4922
32445	4933
32459	4947
32465	4953
32471	4959
32475	4963
32476	4964
32489	4977
32492	4980
32496	4984
32511	4999
32522	5010
32523	5011
32539	5027
32546	5034
32550	5038
32555	5044
32562	5052
32564	5054
32568	5063
32570	5065
32571	5066
32572	5067
32575	5069
32576	5070
32580	5076
32591	5085
32593	5087
32602	5096
32604	5098
32606	5100
32609	5103
32613	5107
32619	5113
32624	5118
32625	5119
32626	5120
32627	5121
32629	5123
32638	5132
32645	5140
32646	5141
32648	5143
32649	5144
32650	5145
32652	5147
32658	5153
32661	5158
32662	5159
32663	5160
32665	5162
32668	5165
32669	5166
32670	5167
32673	5170
32682	5179
32683	5180
32725	5221
33094	5599
33100	5605
33101	5606
33102	5607
33109	5614
33113	5618
30533	2921
30860	3308
32069	4542
32102	4577
32107	4582
32331	4813
32809	5308
33057	5549
33139	5644
33110	5615
33665	6158
32233	4711
6215	1147
33671	6164
33670	6163
33668	6161
31012	3471
33677	6170
33679	6172
33681	6174
33684	6177
32598	5092
33694	6187
33691	6184
30404	2750
31797	4271
33157	5660
33231	5734
33697	6190
30091	2361
33702	6195
33703	6196
33704	6197
30480	2849
32288	4768
32684	5181
32685	5182
32760	5259
32787	5286
32804	5303
32830	5329
32832	5331
33129	5634
33186	5689
33193	5696
33198	5701
33220	5723
33686	6179
33687	6180
33738	6235
33161	5664
33731	6228
33769	6266
30972	3431
32892	5388
33778	6275
30889	3341
28611	1481
5314	798
6500	1348
28605	1477
29272	2088
6020	1036
29149	1959
30547	2935
30960	3401
28807	1732
30672	3078
6041	1048
6136	1110
6244	1818
6263	1179
28479	1396
30362	2678
30736	3159
30946	3385
6082	1074
6340	1232
28972	1869
29084	1904
29150	1960
29184	1996
29268	2084
29959	2266
30160	2447
30256	2655
30364	2683
30610	3002
30956	3396
29979	2277
30224	2702
30441	2797
30504	2880
30658	3061
30990	3449
29449	2176
29967	2272
29997	2285
30073	2343
30077	2347
30083	2353
30085	2355
30093	2363
30126	2394
30618	3015
30911	3363
30952	3391
30958	3398
31516	4000
31592	4073
32027	4494
32112	4587
32387	4873
29029	1890
29161	1973
29221	2034
29438	2788
29685	2221
29762	3416
29986	3418
30057	2327
30061	2331
30087	2357
30140	2408
30388	2734
30411	2757
30420	2766
30472	2841
30487	2859
30870	3318
30894	3347
30961	3402
31004	3463
31071	3533
31132	3596
31519	4003
31999	4472
32041	4515
28874	1795
29232	2045
29565	2199
29700	2226
30034	2310
30294	2664
30413	2759
30491	2867
30521	2909
30553	2941
30568	2956
30569	2957
30617	3009
30678	3084
30985	3444
31005	3464
31020	3479
31066	3528
31112	3574
31137	3601
31185	3654
31382	3866
31515	3999
31546	4024
31855	4329
32022	4486
32024	4489
32444	4932
32490	4978
29520	2190
30189	2483
30410	2756
30458	2818
30503	2879
30560	2948
30673	3079
30871	3319
31121	3583
31131	3595
31201	3672
31658	4140
31717	4196
31937	4410
31954	4427
31991	4464
32032	4506
32380	4865
32448	4936
32510	4998
29988	3191
30065	2335
30451	2809
30524	2912
30578	2966
31073	3535
31335	3814
31434	3921
31455	3943
31603	4084
31642	4124
31692	4173
31812	4286
31821	4295
31912	4385
32076	4549
32466	4954
32481	4969
32484	4972
29948	4500
30490	2866
31198	3669
31628	4109
31640	4122
31655	4137
31696	4176
31911	4384
31976	4449
32079	4552
31636	4117
31669	4150
31743	4220
31773	4248
32495	4983
31596	4077
31671	4152
31726	4205
31869	4343
31881	4355
31917	4390
31947	4420
31650	4132
31694	4175
31761	4237
31862	4336
31904	4377
32130	4606
32149	4625
31885	4359
5914	977
5941	998
5994	1023
6026	1040
6049	1053
6061	1061
6062	1062
6081	1073
6107	1093
6112	1096
6115	1098
6208	1142
6248	1168
6411	1283
6421	1290
6433	1300
6447	1309
6453	1314
6465	1319
6495	1345
6515	1359
6523	1364
28456	1381
28461	1385
28492	1406
28493	1407
28495	1408
28538	1434
28550	1440
28560	1446
28565	1451
28580	1461
28590	1469
28599	1474
28607	1478
28622	1491
28626	1495
28628	1496
5518	1533
5989	1539
28453	1545
28488	1550
28548	1557
28601	1561
6499	1571
28644	1586
28651	1593
28659	1601
28669	1611
28676	1618
28677	1619
28678	1620
28679	1621
28680	1622
28684	1626
28690	1632
28691	1633
28693	1635
28698	1640
28700	1642
28710	1652
28735	1669
28736	1670
28737	1671
6464	1676
28741	1678
28742	1679
28755	1689
5898	1690
28757	1691
28756	1692
28765	1700
28766	1701
28770	1702
28774	1706
28779	1709
28780	1710
28784	1712
28787	1717
28795	1723
28797	1724
28799	1725
28806	1731
28811	1736
28818	1741
28833	1756
28842	1763
28848	1771
28852	1772
28856	1776
5094	1782
28861	1784
28868	1789
28869	1790
28873	1794
28878	1799
6001	1809
28893	1810
28898	1815
28903	1821
28910	1827
28918	1833
28923	1838
28933	1844
28935	1846
28936	1847
28937	1848
28938	1849
28941	1852
28944	1855
28945	1856
28964	1866
29117	1927
29122	1932
29128	1937
29097	1949
29142	1952
29157	1968
29169	1980
29175	1986
29176	1987
29177	1988
29181	1993
29192	2004
29194	2005
29201	2014
29217	2030
29218	2032
29226	2038
29237	2050
29238	2051
29249	2064
29253	2069
29264	2080
29274	2090
29160	2092
4978	2098
6046	2101
6213	2104
28598	2105
28998	2108
29005	2109
29038	2115
29068	2117
29283	2121
29311	2125
29319	2129
29320	2130
29328	2135
29329	2136
29337	2140
29373	2147
29391	2154
29429	2164
29431	2165
29443	2172
29533	2191
29591	2203
29693	2223
29776	2244
29778	2245
29834	2250
29843	2251
29936	2255
29939	2258
29943	2259
29946	2261
29952	2264
29961	2268
29971	2274
29982	2279
29983	2280
29995	2283
30000	2287
30002	2288
30006	2290
30009	2293
30012	2295
30015	2297
30028	2304
30031	2307
30037	2312
30039	2314
30049	2320
30050	2321
30052	2322
30056	2326
30060	2330
30063	2333
30071	2341
30072	2342
30074	2344
30075	2345
30079	2349
30086	2356
30094	2364
30097	2367
30098	2368
30102	2371
30107	2375
30109	2377
30110	2378
30113	2381
30114	2382
30129	2397
30132	2400
30133	2401
30136	2404
30138	2406
30146	2413
29708	2437
29750	2440
30161	2448
29432	2456
30165	2460
30170	2464
30172	2466
30180	2474
30181	2475
30182	2476
30183	2477
30184	2478
30186	2480
30198	2492
30200	2498
30206	2509
30210	2513
29292	2517
4649	2521
29547	2522
29418	2525
29559	2529
29345	2542
6176	2563
5392	2566
3896	2570
29300	2572
29512	2581
29574	2592
29810	2605
29291	2613
29317	2615
29757	2620
4700	2623
5335	2624
29301	2636
29650	2645
29717	2649
30253	2656
30232	2657
30293	2663
30329	2668
29346	2681
30374	2701
30381	2710
29359	2714
30166	2724
30261	2725
30396	2742
30398	2744
30405	2751
30415	2761
30416	2762
30421	2767
30422	2768
30435	2781
30438	2794
30443	2801
30457	2817
4261	2823
30462	2824
30463	2825
29613	2827
29746	2832
30467	2836
30468	2837
30478	2847
29801	2853
30259	2858
30488	2864
30492	2868
30496	2872
30498	2874
30501	2877
30507	2883
30510	2886
29333	2897
29848	2899
30277	2905
30538	2926
30542	2930
30544	2932
30554	2942
30559	2947
30566	2954
30582	2970
30587	2975
30590	2978
30595	2987
30597	2989
30602	2994
30616	3008
30630	3027
30633	3030
30647	3050
30668	3071
30677	3083
30685	3091
30269	3094
29415	3116
30712	3126
30722	3136
30723	3137
30724	3138
30725	3139
30746	3169
30748	3171
30754	3177
29608	3190
30768	3194
30776	3202
30779	3212
30781	3214
30844	3292
30852	3300
30854	3302
30865	3313
30875	3325
30876	3326
30881	3331
30885	3335
6074	3340
30891	3343
29599	3394
30957	3397
29688	3412
29689	3413
30973	3432
30982	3441
30988	3447
30996	3455
30998	3457
31002	3461
31023	3482
31025	3484
5348	3491
31031	3493
31044	3506
31055	3517
31057	3519
31058	3520
31067	3529
31082	3544
31085	3547
31105	3567
30303	3588
31141	3605
3286	3609
31146	3615
31152	3621
31156	3625
31178	3647
4095	3664
30935	3665
31202	3673
31210	3682
31219	3691
31220	3692
31228	3700
31231	3703
31294	3767
31301	3774
31333	3812
31336	3815
31343	3823
31344	3824
31346	3827
31350	3832
31352	3834
31378	3861
29624	3863
31405	3890
31408	3893
31417	3902
31420	3906
31422	3908
31424	3910
31427	3913
31430	3916
31435	3922
31454	3942
31456	3944
31458	3946
31459	3947
31463	3951
31464	3952
31484	3970
31485	3971
31502	3988
31504	3990
31505	3991
31506	3992
31507	3993
31520	4004
31510	4010
31511	4011
31530	4017
31537	4019
31545	4023
31552	4029
31563	4040
31564	4041
31566	4043
31568	4045
31590	4071
31602	4083
31604	4085
31610	4091
31613	4094
31614	4095
31616	4097
31620	4101
31621	4102
31622	4103
31624	4105
31635	4116
31641	4123
31649	4131
31656	4138
31657	4139
31664	4145
31665	4146
31675	4156
31676	4157
31680	4161
31685	4166
31698	4178
31713	4192
31714	4193
31715	4194
31719	4198
31725	4204
31735	4212
31742	4219
31746	4222
31751	4227
31771	4247
31782	4257
31790	4265
31798	4272
31801	4275
31805	4279
31806	4280
31809	4283
31810	4284
31820	4294
31830	4304
31836	4310
31841	4315
31845	4319
31847	4321
31854	4328
31860	4334
31861	4335
31866	4340
31868	4342
31889	4363
31890	4364
31895	4368
31903	4376
31905	4378
31913	4386
31915	4388
31919	4392
31920	4393
31921	4394
31926	4399
31928	4401
31929	4402
31941	4414
31951	4424
31952	4425
31960	4433
31962	4435
31535	4437
31982	4455
31986	4459
31994	4467
32003	4475
32063	4537
32067	4541
32071	4544
32088	4563
32103	4578
32116	4592
32189	4666
32218	4696
32237	4715
32247	4727
32248	4728
32249	4729
32252	4732
32279	4759
32284	4764
32301	4781
32306	4788
32328	4810
32363	4848
32392	4878
32394	4880
32395	4881
32410	4896
32414	4900
32419	4905
32446	4934
32478	4966
32499	4987
32503	4991
32534	5022
32538	5026
32577	5071
32757	5254
31695	5257
32761	5260
32763	5262
32769	5268
32770	5269
32772	5271
32776	5275
32781	5280
32782	5281
32789	5288
32803	5302
32805	5304
32807	5306
32808	5307
32813	5312
32816	5315
32827	5326
32829	5328
32984	5481
33275	5779
33470	5974
33626	6123
33629	6127
33638	6136
33639	6137
33728	6225
33729	6226
33748	6245
33790	6287
33793	6290
33811	6308
33840	6337
2966	6350
33856	6354
33864	6362
33865	6363
30583	2971
5544	897
30836	3280
31027	3486
30951	3390
30112	2380
28701	1643
33095	5600
30782	3215
28513	1418
5405	846
6242	1165
31662	4144
5890	961
29563	2197
28841	1762
6204	1139
6195	1130
5904	969
28762	1697
28567	1452
32080	4553
30043	2318
28721	1659
6197	1132
5915	978
6393	1271
30193	2487
30004	2289
30726	3143
28639	1581
32574	5068
30830	3274
31007	3466
3878	386
31261	3734
5940	997
28670	1612
28637	1579
31015	3474
31127	3590
4574	613
28476	1393
31009	3468
33172	5675
31032	3494
29646	2215
28687	1629
30450	2808
30819	3256
32078	4551
32061	4535
5411	850
31042	3504
31097	3559
29416	2536
3748	343
6389	1267
28658	1600
29174	1985
33039	5534
30993	3452
31392	3876
31413	3898
29322	2132
30280	2659
32098	4573
29170	1981
30195	2489
31065	3527
5527	895
5986	1019
6524	1365
6390	1268
31684	4165
32863	5444
31084	3546
29212	2025
28636	1578
6309	1212
6188	1123
4937	703
30699	3107
29551	2194
3115	161
30953	3392
30680	3086
30934	4070
29999	2820
30469	2838
32146	4622
31265	3738
30608	3000
28954	1872
28536	1433
32558	5048
5007	725
29087	1907
32950	5447
29200	2013
29229	2042
3723	331
31606	4087
30456	2816
6035	1044
6205	1140
28844	1765
29252	2068
29962	2269
29590	2202
32938	5436
31668	4149
29515	2416
32053	4527
31728	4207
6513	1357
28952	1863
4652	650
5880	954
6347	1238
30901	3354
30173	2467
33662	6155
31283	3756
30765	3188
32108	4583
30950	3389
31327	3806
30466	2830
4258	539
5031	737
29976	2789
32656	5151
28662	1604
31049	3511
31360	3842
5378	824
31037	3499
6396	1568
6478	1330
6125	1103
33096	5601
30579	2967
29287	2122
33630	6128
4604	627
29486	2186
29951	2984
6522	1363
6097	1083
6488	1339
30382	2711
30729	3146
5383	828
5879	953
6481	1333
28579	1460
5379	825
28444	1373
31588	4066
31359	3841
29180	1991
31195	3666
5033	739
30464	2826
4262	542
32678	5175
31048	3510
29441	2171
29246	2061
3853	375
33689	6182
32087	4562
30632	3029
28586	1466
3948	404
3971	413
32653	5148
32163	4639
29950	2263
31387	3871
30644	3047
29453	2177
30197	2491
29670	2782
28809	1735
31187	3656
32068	4557
28886	1803
28545	1438
31478	3964
28671	1613
29694	2224
30898	3351
5908	973
30452	2812
32868	5366
6455	1570
6514	1358
32859	5358
31262	3735
32860	5359
30627	3024
32742	5239
29273	2089
5035	741
31410	3895
31446	3933
32657	5152
33453	5957
30621	3018
31402	3887
28973	1885
32046	4520
33066	5558
32323	4805
6190	1125
5799	942
6295	1202
31670	4151
32127	4603
29074	1894
32206	4683
30178	2472
30536	2924
28802	1728
32170	4646
32123	4599
30016	2298
30493	2869
29607	2209
5299	793
30841	3285
32655	5150
6300	1206
30523	2911
30272	3044
32691	5187
30862	3310
33132	5637
31232	3704
30115	2383
33384	5890
28535	1432
31175	3644
6497	1346
6285	1195
5339	806
29807	2420
28447	1376
31988	4461
6298	1204
28920	1835
31399	3884
30562	2950
29691	2222
30372	2697
28905	1823
31128	3591
29189	2001
32818	5317
28728	1663
32801	5300
32210	4687
30532	2920
32823	5322
31376	3859
32219	4697
32129	4605
29772	2242
28772	1704
29724	2418
31260	3733
31206	3678
29145	1955
31045	3507
33012	5507
6138	1112
29255	2071
31453	3941
28561	1447
28896	1813
32177	4653
33984	6459
34735	6733
30714	3128
4570	609
29124	1933
32470	4958
30687	3093
30445	2803
29224	2036
28541	1435
28582	1463
5937	995
30157	2432
28661	1603
31227	3699
5409	848
29616	2212
32355	4838
29439	2169
33712	6205
29505	2689
33149	5654
30237	5582
32155	4631
30728	3145
32637	5131
5902	967
32169	4645
29759	2237
29318	2128
29357	3261
31117	3579
31944	4417
32265	4745
31758	4234
30708	3122
30732	3149
4657	653
29245	2060
30212	2515
30155	2430
29673	2783
28663	1605
30661	3064
29732	2642
31667	4148
30175	2469
5860	947
30399	2745
30327	3267
31165	3634
5970	1011
6124	1745
29263	2079
29669	2219
33210	5713
33091	5786
28877	1798
30461	2822
31927	4400
31253	3726
33192	5695
30117	2385
30289	2811
6128	1105
32833	5332
6345	1237
31171	3640
32168	4644
32698	5194
33179	5682
32517	5005
30785	3218
29105	1918
30290	2727
33631	6129
30741	3164
28763	1698
33707	6200
29611	2210
33208	5711
6462	1318
30636	3033
32264	4744
5882	956
33197	5700
31737	4214
29564	2198
31470	3958
31961	4434
30358	2670
30475	2844
32900	5396
31851	4325
30817	3254
31973	4448
32062	4536
5652	926
32686	5183
32767	5266
30078	2348
30640	3043
28899	1816
32821	5320
33659	6441
30529	2917
32362	4847
33303	5808
32144	4620
32217	4695
31587	4065
30910	3362
32842	5341
33188	5691
29258	2074
33705	6198
5973	1013
28971	1884
33711	6204
33184	5687
30718	3132
31130	3593
33859	6357
29448	2175
33205	5708
33713	6206
31389	3873
29008	2598
29437	2168
32179	4656
31218	3690
31931	4404
28922	1837
6431	1298
29330	2137
32257	4737
32150	4626
33599	6097
6428	1295
5798	941
29710	2230
32124	4600
30605	2997
31116	3578
31278	3751
32159	4635
30485	2857
30042	2317
30267	2700
29661	2568
31095	3557
31477	3963
30635	3032
32851	5350
31558	4035
30600	2992
32695	5191
33411	5916
29963	2270
5206	783
3246	197
29469	2181
32512	5000
29316	2127
31145	3610
29206	2019
32721	5217
31173	3642
32735	5231
30103	2372
29412	2161
32269	4749
5219	788
28577	1458
6307	1210
29119	1929
31385	3869
30867	3315
29307	2523
31474	3960
31358	3840
32758	5255
33726	6219
29490	2609
32882	5379
30430	2776
6220	1152
30866	3314
31959	4432
29210	2023
33266	5769
33822	6319
30528	2916
33675	6168
31222	3694
32136	4612
33390	5895
33261	5764
32664	5161
31199	3670
28603	1476
30903	3356
32694	5190
30084	2354
32980	5477
5371	819
31028	3104
31337	3816
30775	3201
33783	6280
6509	1354
33218	5721
32101	4576
30218	2901
6087	1077
33250	5753
31953	4426
33215	5718
33234	5737
4603	626
31306	3779
29537	2501
30584	2972
30011	2834
3537	272
29378	2576
32132	4608
30734	3151
32778	5277
29955	2585
29703	2574
33804	6301
5404	845
32525	5013
30567	2955
32047	4521
29136	1944
5036	742
30519	2895
31811	4285
4808	687
3504	260
30936	4069
30684	3090
32367	4852
3747	342
31452	3939
30135	2403
33827	6324
33721	6214
33794	6291
33251	5754
31848	4322
33823	6320
30334	3014
32933	5431
31193	3662
28730	1665
32161	4637
32141	4617
32251	4731
32192	4669
31998	4471
30840	3284
31188	3657
32660	5157
3226	190
29209	2022
29601	2207
5943	999
32215	4692
28815	1730
6192	1127
30247	2810
31648	4130
31469	3957
6024	1038
31784	4259
30337	2862
32788	5287
5452	873
29115	1926
29524	2495
29567	2200
32798	5297
28777	1708
30188	2482
31645	4127
31617	4098
31682	4163
28974	1886
6304	1208
30878	3328
33848	6345
31611	4092
32765	5264
4598	623
6528	1368
29436	2167
31443	3930
32839	5338
29723	2650
28672	1614
28578	1459
30228	2791
30339	3422
32908	5406
32838	5337
33796	6293
3993	424
28789	1718
30818	3255
34083	6525
5178	768
4243	530
29552	2195
31659	4141
5921	984
4594	620
31286	3759
31224	3696
31014	3473
6096	1082
5086	753
33632	6130
33248	5751
31647	4129
29683	3399
31870	4344
3916	394
28657	1599
28585	1465
32090	4565
30594	2982
29257	2073
33090	5594
33273	5777
29470	2182
5217	787
31996	4469
31006	3465
31281	3754
33857	6355
32812	5311
32814	5313
30482	2851
29022	2111
28999	2414
5385	830
6102	1088
29191	2003
32647	5142
29491	2187
28707	1649
33781	6278
30907	3423
29503	2415
6229	1160
4773	679
5407	847
30561	2949
30471	2840
28512	1575
30710	3124
33805	6302
33307	5812
32011	4483
4727	667
29078	1898
31970	4446
33776	6273
29262	2078
30601	2993
6408	1281
30539	2927
6099	1085
33912	6411
4752	672
3953	408
32911	5409
30679	3085
30394	2740
5465	879
33065	5557
29270	2087
28652	1594
4607	629
29159	1972
28885	1802
28951	1862
5401	842
30460	2821
33771	6268
31288	3761
4968	712
30766	3189
31964	4440
4486	582
33819	6316
30697	3105
30019	2548
30664	3067
29422	2611
31444	3931
28722	1660
30675	3081
30326	3157
30449	2807
31748	4224
31760	4236
30711	3125
31016	3475
32105	4580
33830	6327
29409	2535
29978	2800
31372	3855
29368	2146
28665	1607
31038	3500
30390	2736
30035	2311
32056	4530
4946	707
5496	886
30418	2764
30794	3228
30721	3135
31384	3868
32585	5156
31738	4215
5071	749
29660	2218
31302	3775
33780	6277
33680	6173
33788	6285
31280	3753
33966	6449
28832	1754
4169	498
31529	4058
30205	2508
28830	1752
4097	461
31234	3706
6342	1234
30599	2991
30070	2340
4623	637
5302	795
28575	1456
29485	2614
28985	2107
30470	2839
30298	2729
28516	1420
6254	1172
29488	2544
29815	3820
30846	3294
31981	4454
5012	727
33876	6375
31238	3710
28468	1548
28589	1468
34076	6518
34287	6642
31765	4241
29358	2143
31373	3856
33782	6279
30657	3060
29697	2225
5794	937
29745	2235
31825	4299
31133	3597
6044	1050
28961	1865
34032	6486
31779	4254
31050	3512
33826	6323
4564	606
33740	6237
31259	3732
6130	1106
28532	1430
33846	6343
6475	1327
6201	1136
30615	3007
6440	1305
30121	2389
6076	1071
28683	1625
29254	2070
4108	464
31409	4074
33018	5513
30029	2305
30020	2457
30069	2339
28654	1596
6022	1037
28568	1453
29586	2640
30221	3207
31245	3718
30986	3445
30850	3298
31209	3681
32714	5210
29496	2557
31396	3880
33878	6377
31324	3803
5402	843
29364	3110
30108	2376
29737	2634
34187	6572
31366	3849
31787	4262
32677	5174
30535	2923
5176	767
5576	904
30719	3133
4281	1519
31046	3508
33803	6300
5955	1003
33920	6419
30288	3321
31172	3641
32373	4858
29595	2204
30286	2861
34064	6506
31406	3891
6116	1099
28615	1485
31062	3524
28866	1787
33714	6207
4568	608
6200	1135
29361	2145
29183	1995
31966	4442
4166	497
5780	935
4951	709
32049	4523
5323	801
30211	2514
30833	3277
30853	3301
33745	6242
29075	1895
30143	2410
33952	6434
34140	6555
30851	3299
32110	4585
33698	6191
30190	2484
28557	1444
29462	2579
31036	3498
32195	4672
33672	6165
33715	6208
29819	2496
29186	1998
29386	2150
32211	4688
30688	3095
28816	1739
32193	4670
30823	3260
6395	1273
28947	1858
6260	1176
29536	2554
30662	3065
31129	3592
29107	1920
30550	2938
28613	1483
30838	3282
32857	5356
29495	2573
31561	4038
29593	2545
32239	4717
30791	3225
31229	3701
29471	2183
29770	2240
30141	2597
31686	4167
32535	5023
29266	2082
31312	3786
31486	3972
32389	4875
28876	1797
31780	4255
29605	2208
31794	4269
33917	6416
31192	3661
32137	4613
32453	4941
32505	4993
30203	2506
29035	2114
29332	3115
30880	3330
31433	3920
31938	4411
32139	4615
32335	4818
32633	5127
5349	809
30656	3059
30774	3200
31468	3956
32584	5080
28642	1584
31190	3659
32008	4480
29269	2086
30304	3208
30439	2795
31977	4450
32263	4743
31297	3770
29550	2567
4606	628
29083	1903
28706	1648
29528	2553
33884	6383
34205	6590
30447	2805
30574	2962
31693	4174
32158	4634
29165	1977
29239	2052
31289	3762
31795	4270
34013	6468
34056	6498
29690	2722
31332	3811
31949	4422
29143	1953
5918	981
30270	2785
32434	4920
32347	4830
32382	4867
31499	3985
31824	4298
30643	3046
31162	3631
30879	3329
30906	3359
30403	2749
32497	4985
31550	4027
32225	4703
5109	764
31102	3564
31398	3882
32338	4821
30842	3286
32422	4908
31370	3853
32297	4777
34025	6479
32634	5128
32204	4681
31388	3872
30429	2775
31436	3923
30156	2431
29388	2151
29173	1984
31754	4230
6429	1296
30629	3026
31703	4183
30770	3196
32190	4667
30807	3244
33087	3142
29367	2628
6374	1256
31039	3501
31814	4288
31472	4784
30310	2730
29067	2612
31562	4039
29769	2239
33007	5502
31501	3987
31211	3683
6397	1569
32006	4478
5901	966
32084	4559
32114	4590
30758	3181
30531	2919
31213	3685
31381	3865
30676	3082
32111	4586
31208	3680
31323	3802
30717	3131
29706	2229
31993	4466
6463	1841
6088	1078
6236	2040
29055	2643
29077	1897
29130	1939
29162	1974
29228	2041
29282	2120
29308	2123
29340	2550
29405	3037
29408	2556
29433	5074
29440	2170
29464	2180
29477	2607
29502	2189
29530	2565
29535	3111
29554	2196
29575	2201
29609	4589
29625	2719
29687	5075
29788	2449
29789	2450
29805	2452
29947	2262
30122	2390
30125	2393
30174	2468
30192	2486
30208	2511
30238	3264
30243	5155
30268	2726
30279	5060
30307	2835
30331	2731
30379	2708
30453	2813
30476	2845
30479	2848
30540	2928
30545	2933
30586	2974
30593	2981
30654	3057
30659	3062
30660	3063
30663	3066
30681	3087
30693	3101
30716	3130
30743	3166
30753	3176
30755	3178
30777	3203
30787	3220
30788	3222
30799	3236
30802	3239
30808	3245
30811	3248
30816	3253
30822	3259
30827	3271
30863	3311
30902	3355
30909	3361
30912	3364
30917	4436
30925	3793
30926	4121
30968	3427
30999	3458
31011	3470
31021	3480
31063	3525
31106	3568
31134	3598
31148	3617
31153	3622
31157	3626
31158	3627
31181	3650
31182	3651
31183	3652
31184	3653
31194	3663
31196	3667
31197	3668
31200	3671
31237	3709
31241	3713
31242	3611
31243	3716
31246	3719
31248	3721
31250	3723
31251	3724
31276	3749
31277	3750
31282	3755
31285	3758
31287	3760
31293	3766
31316	3795
31338	3817
31341	3821
31342	3822
31351	3833
31361	3843
31368	3851
31403	3888
31404	3889
31428	3914
31461	3949
31466	3954
31480	3966
31489	3975
31498	3984
31567	4044
31583	4060
31598	4079
31600	4081
31612	4093
31630	4111
31631	4112
31634	4115
31652	4134
31666	4147
31674	4155
31679	4160
31681	4162
31697	4177
31702	4182
31704	4184
31709	4188
31712	4191
31720	4199
31729	4208
31740	4217
31759	4235
31769	4245
31777	4252
31804	4278
31808	4282
31818	4292
31823	4297
31828	4302
31833	4307
31844	4318
31853	4327
31873	4347
31875	4349
31882	4356
31891	4365
31892	4366
31893	4367
31896	4369
31901	4374
31902	4375
31906	4379
31907	4380
31909	4382
31916	4389
31923	4396
31933	4406
31936	4409
31940	4413
31985	4458
31995	4468
31997	4470
32000	4473
32002	4474
32007	4479
32010	4482
32033	4507
32050	4524
32054	4528
32064	4538
32117	4593
32121	4597
32122	4598
32126	4602
32131	4607
32140	4616
32143	4619
32152	4628
32153	4629
32162	4638
32166	4642
32174	4650
32196	4673
32201	4678
32203	4680
32208	4685
32220	4698
32222	4700
32223	4701
32234	4712
32242	4722
32244	4724
32255	4735
32256	4736
32260	4740
32267	4747
32271	4751
32275	4755
32286	4766
32289	4769
32313	4795
32325	4807
32332	4815
32351	4834
32370	4855
32383	4868
32384	4870
32412	4898
32413	4899
32415	4901
32418	4904
32429	4915
32433	4919
32437	4923
32442	4930
32450	4938
32452	4940
32454	4942
32461	4949
32462	4950
32472	4960
32473	4961
32485	4973
32486	4974
32487	4975
32493	4981
32494	4982
32501	4989
32502	4990
32504	4992
32507	4995
32508	4996
32514	5002
32515	5003
32516	5004
32520	5008
32521	5009
32524	5012
32527	5015
32528	5016
32529	5017
32530	5018
32531	5019
32532	5020
32533	5021
32536	5024
32537	5025
32540	5028
32541	5029
32542	5030
32543	5031
32544	5032
32545	5033
32554	5042
32556	5043
32560	5050
32561	5051
32565	5056
32581	5077
32592	5086
32596	5090
32615	5109
32618	5112
32632	5126
32635	5129
32642	5137
32644	5139
32674	5171
32676	5173
32679	5176
32681	5178
32989	5486
33026	5522
33085	5586
33103	5608
32711	5207
32775	5274
32890	5386
32956	5453
32981	5478
32753	5250
33812	6309
30576	2964
32907	5405
33669	6162
33667	6160
33122	5627
31191	3660
31271	3744
32909	5407
33142	5647
33177	5680
33200	5703
33676	6169
33678	6171
33682	6175
32746	5243
32840	5339
32296	4776
33692	6185
32845	5344
28573	1454
30215	2586
30570	2958
31217	3689
32902	5398
32936	5434
33233	5736
33245	5748
33699	6192
33825	6322
32353	4836
32359	4844
32846	5345
33020	5515
33167	5670
32361	4846
32759	5258
32779	5278
32783	5282
32797	5296
32819	5318
32820	5319
32828	5327
33185	5688
33187	5690
33196	5699
33217	5720
33226	5729
33247	5750
33264	5767
33688	6181
33710	6203
33717	6210
33739	6236
33163	5666
33849	6346
33813	6310
31170	3639
32065	4539
33019	5514
5355	813
28865	1786
5916	979
4945	1817
5089	755
5609	2100
28606	1562
28786	1716
29556	2527
5886	2551
29275	2091
34188	6573
34027	6481
34294	6649
34018	6473
34292	6647
34286	6641
33963	6446
33964	6447
33962	6445
33959	6442
33960	6443
33894	6393
33891	6390
33897	6396
34297	6652
34165	6563
33896	6395
34166	6564
34169	6567
34223	6599
33885	6384
33888	6387
33978	6458
34068	6510
34070	6512
34196	6581
34195	6580
34200	6585
33925	6424
33926	6425
33921	6420
33923	6422
33924	6423
33929	6428
33879	6378
33872	6371
33877	6376
30541	2929
34224	6600
34226	6602
34096	6539
33950	6433
33931	6430
33957	6439
34081	6523
34080	6522
34240	6616
34028	6482
34085	6528
34026	6480
34242	6618
34033	6487
33903	6402
33904	6403
33907	6406
33908	6407
33967	6450
33909	6408
34052	6494
34250	6626
34251	6627
34119	6554
34284	6639
34283	6638
34255	6631
34264	6635
34258	6634
34282	6637
34281	6636
33982	6463
34235	6611
34047	6489
30213	2519
